gen,ind,lap,time_s,A,B,C
baseline,snakeoil,1,264.594,25.0,0.25,50.0
baseline,snakeoil,1,264.594,25.0,0.25,50.0
baseline,snakeoil,2,261.422,25.0,0.25,50.0
baseline_jm2,jm2,1,205.168,10.0,0.15,250
5,2,1,151.924,26.1036,0.1904,95.4334
5,2,2,146.238,26.1036,0.1904,95.4334
5,2,3,146.224,26.1036,0.1904,95.4334
5,2,4,146.282,26.1036,0.1904,95.4334
5,2,5,146.324,26.1036,0.1904,95.4334
5,3,1,149.554,26.5869,1.0977,147.0914
5,3,2,143.598,26.5869,1.0977,147.0914
5,3,3,143.636,26.5869,1.0977,147.0914
5,3,4,143.632,26.5869,1.0977,147.0914
5,3,5,143.648,26.5869,1.0977,147.0914
5,4,1,151.842,25.5614,0.9393,95.8214
5,4,2,146.030,25.5614,0.9393,95.8214
5,4,3,146.018,25.5614,0.9393,95.8214
5,4,4,146.050,25.5614,0.9393,95.8214
5,4,5,146.014,25.5614,0.9393,95.8214
5,5,1,161.558,24.8871,1.3288,85.8308
5,5,2,156.462,24.8871,1.3288,85.8308
5,5,3,156.470,24.8871,1.3288,85.8308
5,6,1,154.938,26.6343,0.7690,90.9857
5,6,2,149.558,26.6343,0.7690,90.9857
5,6,3,149.508,26.6343,0.7690,90.9857
5,6,4,149.564,26.6343,0.7690,90.9857
5,6,5,149.526,26.6343,0.7690,90.9857
5,7,1,149.764,26.2197,0.7151,122.5253
5,7,2,143.814,26.2197,0.7151,122.5253
5,7,3,143.894,26.2197,0.7151,122.5253
5,7,4,143.910,26.2197,0.7151,122.5253
6,1,1,149.546,26.4091,1.3622,141.5204
6,1,2,143.624,26.4091,1.3622,141.5204
6,1,3,143.574,26.4091,1.3622,141.5204
6,1,4,143.462,26.4091,1.3622,141.5204
6,1,5,143.444,26.4091,1.3622,141.5204
6,2,1,149.722,26.6932,0.4748,141.2910
6,2,2,143.774,26.6932,0.4748,141.2910
6,2,3,143.828,26.6932,0.4748,141.2910
6,2,4,143.846,26.6932,0.4748,141.2910
6,2,5,166.018,26.6932,0.4748,141.2910
6,3,1,149.386,26.4020,1.4888,177.5540
6,3,2,143.464,26.4020,1.4888,177.5540
6,3,3,143.258,26.4020,1.4888,177.5540
6,3,4,143.268,26.4020,1.4888,177.5540
6,4,1,149.168,26.6244,2.0311,193.0466
6,4,2,143.330,26.6244,2.0311,193.0466
6,4,3,143.232,26.6244,2.0311,193.0466
6,4,4,143.272,26.6244,2.0311,193.0466
6,4,5,143.290,26.6244,2.0311,193.0466
6,5,1,149.212,27.5683,1.6924,210.3003
6,5,2,143.216,27.5683,1.6924,210.3003
6,5,3,143.226,27.5683,1.6924,210.3003
6,5,4,143.230,27.5683,1.6924,210.3003
6,5,5,143.234,27.5683,1.6924,210.3003
6,6,1,203.118,24.5734,0.5598,66.3254
6,6,2,199.346,24.5734,0.5598,66.3254
6,6,3,206.570,24.5734,0.5598,66.3254
6,6,4,223.502,24.5734,0.5598,66.3254
6,7,1,149.852,26.0245,0.5653,148.9743
6,7,2,144.122,26.0245,0.5653,148.9743
6,7,3,143.804,26.0245,0.5653,148.9743
6,7,4,143.776,26.0245,0.5653,148.9743
7,1,1,149.776,27.4312,0.6856,158.2758
7,1,2,143.680,27.4312,0.6856,158.2758
7,1,3,143.682,27.4312,0.6856,158.2758
7,1,4,143.704,27.4312,0.6856,158.2758
7,1,5,143.698,27.4312,0.6856,158.2758
7,2,1,149.594,29.3813,2.9714,403.0552
7,2,2,143.374,29.3813,2.9714,403.0552
7,2,3,143.346,29.3813,2.9714,403.0552
7,2,4,143.560,29.3813,2.9714,403.0552
7,2,5,143.440,29.3813,2.9714,403.0552
7,3,1,205.228,26.0383,1.2174,65.5786
7,3,2,205.954,26.0383,1.2174,65.5786
7,3,3,328.248,26.0383,1.2174,65.5786
7,4,1,149.232,27.7140,2.2227,334.4067
7,4,2,143.274,27.7140,2.2227,334.4067
7,4,3,143.246,27.7140,2.2227,334.4067
7,4,4,143.352,27.7140,2.2227,334.4067
7,4,5,143.336,27.7140,2.2227,334.4067
7,6,1,149.438,30.0308,2.6190,290.4481
7,6,2,143.414,30.0308,2.6190,290.4481
7,6,3,143.410,30.0308,2.6190,290.4481
7,6,4,144.030,30.0308,2.6190,290.4481
7,6,5,144.128,30.0308,2.6190,290.4481
7,7,1,149.196,27.5267,2.0125,271.9007
7,7,2,143.256,27.5267,2.0125,271.9007
7,7,3,143.324,27.5267,2.0125,271.9007
7,7,4,143.174,27.5267,2.0125,271.9007
7,7,5,143.178,27.5267,2.0125,271.9007
8,1,1,149.508,27.9470,3.0307,368.0894
8,2,1,149.790,26.7444,0.1737,204.7302
8,2,2,143.976,26.7444,0.1737,204.7302
8,2,3,144.432,26.7444,0.1737,204.7302
8,2,4,144.030,26.7444,0.1737,204.7302
8,3,1,149.260,31.1303,1.9247,385.3757
8,3,2,143.316,31.1303,1.9247,385.3757
8,3,3,143.610,31.1303,1.9247,385.3757
8,3,4,144.192,31.1303,1.9247,385.3757
8,3,5,144.286,31.1303,1.9247,385.3757
8,4,1,149.816,26.3783,0.5955,311.8258
8,4,2,143.880,26.3783,0.5955,311.8258
8,4,3,143.876,26.3783,0.5955,311.8258
8,4,4,143.754,26.3783,0.5955,311.8258
8,4,5,143.748,26.3783,0.5955,311.8258
8,5,1,149.690,28.2289,1.0033,223.0251
8,5,2,143.750,28.2289,1.0033,223.0251
8,5,3,143.564,28.2289,1.0033,223.0251
8,5,4,143.652,28.2289,1.0033,223.0251
8,6,1,149.610,27.2149,3.0489,169.4733
8,6,2,143.578,27.2149,3.0489,169.4733
8,6,3,143.512,27.2149,3.0489,169.4733
8,6,4,143.660,27.2149,3.0489,169.4733
8,6,5,143.592,27.2149,3.0489,169.4733
8,7,1,149.742,25.2973,3.4574,381.2291
8,7,2,143.838,25.2973,3.4574,381.2291
8,7,3,143.734,25.2973,3.4574,381.2291
8,7,4,143.722,25.2973,3.4574,381.2291
9,1,1,149.758,26.1361,0.8008,191.6843
9,1,2,143.796,26.1361,0.8008,191.6843
9,1,3,143.776,26.1361,0.8008,191.6843
9,1,4,144.188,26.1361,0.8008,191.6843
9,1,5,143.866,26.1361,0.8008,191.6843
9,2,1,149.584,27.3631,2.7570,239.2827
9,2,2,143.578,27.3631,2.7570,239.2827
9,2,3,143.492,27.3631,2.7570,239.2827
9,2,4,149.066,27.3631,2.7570,239.2827
9,2,5,195.528,27.3631,2.7570,239.2827
9,3,1,149.772,24.3101,0.7309,125.1785
9,3,2,143.796,24.3101,0.7309,125.1785
9,3,3,143.772,24.3101,0.7309,125.1785
9,3,4,143.700,24.3101,0.7309,125.1785
9,3,5,143.684,24.3101,0.7309,125.1785
9,4,1,149.720,25.9936,3.1301,144.0120
9,4,2,143.678,25.9936,3.1301,144.0120
9,4,3,143.652,25.9936,3.1301,144.0120
9,4,4,143.558,25.9936,3.1301,144.0120
9,4,5,143.570,25.9936,3.1301,144.0120
9,5,1,149.368,26.8741,2.2202,213.6304
9,5,2,143.372,26.8741,2.2202,213.6304
9,5,3,143.398,26.8741,2.2202,213.6304
9,5,4,143.338,26.8741,2.2202,213.6304
9,5,5,143.440,26.8741,2.2202,213.6304
9,6,1,412.182,22.1732,2.7390,12.4098
9,6,2,360.326,22.1732,2.7390,12.4098
9,7,1,172.782,24.6291,2.0972,79.2198
9,7,2,168.116,24.6291,2.0972,79.2198
9,7,3,168.080,24.6291,2.0972,79.2198
9,7,4,168.134,24.6291,2.0972,79.2198
10,1,1,149.508,26.0516,2.7221,277.5120
10,1,2,143.538,26.0516,2.7221,277.5120
10,1,3,143.520,26.0516,2.7221,277.5120
10,1,4,143.602,26.0516,2.7221,277.5120
10,1,5,143.436,26.0516,2.7221,277.5120
10,2,1,149.296,27.3749,2.1426,257.2321
10,2,2,143.352,27.3749,2.1426,257.2321
10,2,3,143.238,27.3749,2.1426,257.2321
10,2,4,143.318,27.3749,2.1426,257.2321
10,2,5,143.320,27.3749,2.1426,257.2321
10,3,1,155.114,24.9448,2.0190,91.0873
10,3,2,169.054,24.9448,2.0190,91.0873
10,3,3,299.724,24.9448,2.0190,91.0873
10,4,1,149.246,25.7586,2.0406,144.3108
10,4,2,143.332,25.7586,2.0406,144.3108
10,4,3,143.316,25.7586,2.0406,144.3108
10,4,4,143.292,25.7586,2.0406,144.3108
10,4,5,143.200,25.7586,2.0406,144.3108
10,5,1,149.918,26.5020,4.1277,294.2124
10,5,2,143.880,26.5020,4.1277,294.2124
10,5,3,143.894,26.5020,4.1277,294.2124
10,5,4,143.932,26.5020,4.1277,294.2124
10,5,5,143.944,26.5020,4.1277,294.2124
10,6,1,149.678,27.3499,3.1385,142.2197
10,6,2,143.524,27.3499,3.1385,142.2197
10,6,3,143.498,27.3499,3.1385,142.2197
10,6,4,143.520,27.3499,3.1385,142.2197
10,6,5,143.668,27.3499,3.1385,142.2197
11,1,1,149.250,25.8073,1.8042,169.1563
11,1,2,143.178,25.8073,1.8042,169.1563
11,1,3,143.298,25.8073,1.8042,169.1563
11,1,4,143.258,25.8073,1.8042,169.1563
11,1,5,143.260,25.8073,1.8042,169.1563
11,2,1,149.762,27.1886,3.6405,333.2763
11,2,2,143.758,27.1886,3.6405,333.2763
11,2,3,143.726,27.1886,3.6405,333.2763
11,2,4,143.700,27.1886,3.6405,333.2763
11,2,5,143.680,27.1886,3.6405,333.2763
11,3,1,149.294,25.7948,1.9809,271.0574
11,3,2,143.348,25.7948,1.9809,271.0574
11,3,3,143.310,25.7948,1.9809,271.0574
11,3,4,143.280,25.7948,1.9809,271.0574
11,3,5,143.306,25.7948,1.9809,271.0574
11,4,1,149.378,27.1627,2.2853,244.6324
11,4,2,143.364,27.1627,2.2853,244.6324
11,4,3,143.394,27.1627,2.2853,244.6324
11,4,4,143.346,27.1627,2.2853,244.6324
11,5,1,149.554,26.5395,1.0949,173.7676
11,5,2,143.638,26.5395,1.0949,173.7676
11,5,3,143.618,26.5395,1.0949,173.7676
11,5,4,143.732,26.5395,1.0949,173.7676
11,5,5,143.638,26.5395,1.0949,173.7676
11,6,1,149.252,25.6801,2.0210,196.3150
11,6,2,143.362,25.6801,2.0210,196.3150
11,6,3,143.358,25.6801,2.0210,196.3150
11,6,4,143.210,25.6801,2.0210,196.3150
11,6,5,143.280,25.6801,2.0210,196.3150
11,7,1,149.348,26.2276,2.2766,198.2531
11,7,2,143.400,26.2276,2.2766,198.2531
11,7,3,143.392,26.2276,2.2766,198.2531
11,7,4,143.376,26.2276,2.2766,198.2531
12,1,1,149.368,26.4953,1.5475,195.1124
12,1,2,143.466,26.4953,1.5475,195.1124
12,1,3,143.448,26.4953,1.5475,195.1124
12,1,4,143.266,26.4953,1.5475,195.1124
12,1,5,157.040,26.4953,1.5475,195.1124
12,2,1,149.206,27.0581,1.7654,217.1145
12,2,2,143.282,27.0581,1.7654,217.1145
12,2,3,143.218,27.0581,1.7654,217.1145
12,2,4,143.252,27.0581,1.7654,217.1145
12,2,5,143.262,27.0581,1.7654,217.1145
12,3,1,149.296,26.7959,2.1198,218.4031
12,3,2,143.344,26.7959,2.1198,218.4031
12,3,3,143.352,26.7959,2.1198,218.4031
12,3,4,143.290,26.7959,2.1198,218.4031
12,3,5,143.330,26.7959,2.1198,218.4031
12,4,1,149.934,24.6855,0.7494,142.7555
12,4,2,143.790,24.6855,0.7494,142.7555
12,4,3,144.046,24.6855,0.7494,142.7555
12,4,4,143.680,24.6855,0.7494,142.7555
12,4,5,143.676,24.6855,0.7494,142.7555
12,5,1,149.234,24.8243,1.7942,198.6986
12,5,2,143.280,24.8243,1.7942,198.6986
12,5,3,143.234,24.8243,1.7942,198.6986
12,6,1,149.086,26.5665,1.7499,197.8300
12,6,2,143.156,26.5665,1.7499,197.8300
12,6,3,143.100,26.5665,1.7499,197.8300
12,6,4,143.294,26.5665,1.7499,197.8300
12,6,5,143.180,26.5665,1.7499,197.8300
12,7,1,149.140,25.7922,1.5027,243.4587
12,7,2,143.196,25.7922,1.5027,243.4587
12,7,3,143.282,25.7922,1.5027,243.4587
12,7,4,143.256,25.7922,1.5027,243.4587
12,7,5,143.270,25.7922,1.5027,243.4587
13,1,1,149.148,25.4953,1.5428,210.2948
13,1,2,143.234,25.4953,1.5428,210.2948
13,1,3,143.254,25.4953,1.5428,210.2948
13,1,4,143.112,25.4953,1.5428,210.2948
13,1,5,143.232,25.4953,1.5428,210.2948
13,2,1,149.164,25.9736,1.5946,227.9725
13,2,2,143.236,25.9736,1.5946,227.9725
13,2,3,143.254,25.9736,1.5946,227.9725
13,2,4,143.264,25.9736,1.5946,227.9725
13,2,5,155.428,25.9736,1.5946,227.9725
13,3,1,149.314,25.5361,2.1477,171.1993
13,3,2,143.378,25.5361,2.1477,171.1993
13,3,3,143.380,25.5361,2.1477,171.1993
13,3,4,143.338,25.5361,2.1477,171.1993
13,3,5,143.360,25.5361,2.1477,171.1993
13,4,1,149.552,26.8346,1.2532,237.5341
13,4,2,143.604,26.8346,1.2532,237.5341
13,4,3,143.578,26.8346,1.2532,237.5341
13,4,4,143.650,26.8346,1.2532,237.5341
13,4,5,143.512,26.8346,1.2532,237.5341
13,5,1,149.122,26.7001,1.9448,222.8383
13,5,2,143.214,26.7001,1.9448,222.8383
13,5,3,143.196,26.7001,1.9448,222.8383
13,5,4,143.276,26.7001,1.9448,222.8383
13,5,5,143.260,26.7001,1.9448,222.8383
13,6,1,149.246,26.9594,1.9611,191.6872
13,6,2,143.338,26.9594,1.9611,191.6872
13,6,3,143.198,26.9594,1.9611,191.6872
13,6,4,161.558,26.9594,1.9611,191.6872
13,7,1,149.470,26.1601,2.3452,277.5193
13,7,2,143.454,26.1601,2.3452,277.5193
13,7,3,150.612,26.1601,2.3452,277.5193
cma2_gen1,2,1,131.378,26.5183,1.6171,217.2286,1.4556,0.01326
cma2_gen1,2,2,128.102,26.5183,1.6171,217.2286,1.4556,0.01326
cma2_gen1,4,1,238.378,25.9753,1.2037,208.8767,1.4155,0.00122
cma2_gen1,4,2,226.540,25.9753,1.2037,208.8767,1.4155,0.00122
cma2_gen1,4,3,226.600,25.9753,1.2037,208.8767,1.4155,0.00122
cma2_gen2,4,1,141.752,26.4644,1.0992,209.5678,1.4319,0.00799
cma2_gen2,4,2,137.572,26.4644,1.0992,209.5678,1.4319,0.00799
cma2_gen2,4,3,137.092,26.4644,1.0992,209.5678,1.4319,0.00799
cma2_gen2,4,4,137.422,26.4644,1.0992,209.5678,1.4319,0.00799
cma2_gen2,5,1,140.686,27.3462,1.3098,240.4571,1.2443,0.00977
cma2_gen2,5,2,135.998,27.3462,1.3098,240.4571,1.2443,0.00977
cma2_gen2,5,3,135.964,27.3462,1.3098,240.4571,1.2443,0.00977
cma2_gen2,5,4,135.840,27.3462,1.3098,240.4571,1.2443,0.00977
cma2_gen3,5,1,215.316,24.9639,1.6563,225.5300,0.5856,0.02306
cma2_gen3,5,2,211.014,24.9639,1.6563,225.5300,0.5856,0.02306
cma2_gen3,5,3,211.062,24.9639,1.6563,225.5300,0.5856,0.02306
cma2_gen4,1,1,214.734,26.2515,1.4925,204.6328,0.5853,0.02385
cma2_gen4,1,2,210.320,26.2515,1.4925,204.6328,0.5853,0.02385
cma2_gen4,1,3,207.260,26.2515,1.4925,204.6328,0.5853,0.02385
cma2_gen4,2,1,270.774,26.7422,2.0072,184.8777,0.5341,0.00820
cma2_gen4,2,2,264.176,26.7422,2.0072,184.8777,0.5341,0.00820
cma2_gen4,2,3,264.256,26.7422,2.0072,184.8777,0.5341,0.00820
cma2_gen4,4,1,189.938,25.6155,1.3370,271.2009,0.9171,0.00500
cma2_gen4,4,2,178.120,25.6155,1.3370,271.2009,0.9171,0.00500
cma2_gen4,4,3,180.162,25.6155,1.3370,271.2009,0.9171,0.00500
cma2_gen4,4,4,186.940,25.6155,1.3370,271.2009,0.9171,0.00500
cma2_gen4,6,1,406.950,25.4275,0.9966,240.5913,0.3155,0.00500
cma2_gen4,6,2,400.980,25.4275,0.9966,240.5913,0.3155,0.00500
cma2_gen5,2,1,317.516,26.5992,1.5001,267.7908,0.4922,0.00500
cma2_gen5,2,2,307.338,26.5992,1.5001,267.7908,0.4922,0.00500
cma2_gen5,4,1,192.484,27.5947,0.9738,230.5606,0.9633,0.00500
cma2_gen5,4,2,179.552,27.5947,0.9738,230.5606,0.9633,0.00500
cma2_gen5,4,3,182.104,27.5947,0.9738,230.5606,0.9633,0.00500
cma2_gen5,4,4,190.680,27.5947,0.9738,230.5606,0.9633,0.00500
cma2_gen1,1,1,167.778,26.7901,1.8264,219.5691,1.1962,0.00776
cma2_gen1,1,2,165.744,26.7901,1.8264,219.5691,1.1962,0.00776
cma2_gen1,1,3,165.792,26.7901,1.8264,219.5691,1.1962,0.00776
cma2_gen1,1,4,173.818,26.7901,1.8264,219.5691,1.1962,0.00776
cma2_gen3,4,1,165.042,27.8056,1.4306,207.4228,1.0824,0.00500
cma2_gen3,4,2,158.310,27.8056,1.4306,207.4228,1.0824,0.00500
cma2_gen3,4,3,158.558,27.8056,1.4306,207.4228,1.0824,0.00500
cma2_gen3,4,4,173.934,27.8056,1.4306,207.4228,1.0824,0.00500
cma2_gen4,2,1,174.724,26.9632,1.1591,174.3535,1.0449,0.00500
cma2_gen4,2,2,167.666,26.9632,1.1591,174.3535,1.0449,0.00500
cma2_gen4,2,3,167.146,26.9632,1.1591,174.3535,1.0449,0.00500
cma2_gen4,2,4,167.270,26.9632,1.1591,174.3535,1.0449,0.00500
cma2_gen4,4,1,166.726,27.2678,1.7358,193.8419,1.0810,0.00500
cma2_gen4,4,2,161.954,27.2678,1.7358,193.8419,1.0810,0.00500
cma2_gen4,4,3,161.706,27.2678,1.7358,193.8419,1.0810,0.00500
cma2_gen4,4,4,160.298,27.2678,1.7358,193.8419,1.0810,0.00500
cma2_gen1,1,1,155.156,26.1985,1.5555,213.7387,1.7309,0.00500
cma2_gen1,1,2,152.318,26.1985,1.5555,213.7387,1.7309,0.00500
cma2_gen1,1,3,152.158,26.1985,1.5555,213.7387,1.7309,0.00500
cma2_gen1,1,4,157.442,26.1985,1.5555,213.7387,1.7309,0.00500
cma2_gen1,1,1,144.326,26.2159,1.6935,204.0921,1.4863,0.00886,0.01929
cma2_gen1,1,2,144.626,26.2159,1.6935,204.0921,1.4863,0.00886,0.01929
cma2_gen1,1,3,144.348,26.2159,1.6935,204.0921,1.4863,0.00886,0.01929
cma2_gen1,1,4,147.402,26.2159,1.6935,204.0921,1.4863,0.00886,0.01929
cma2_gen3,6,1,160.600,26.5888,1.8598,188.0707,1.4594,0.00345,0.02924
cma2_gen3,6,2,154.200,26.5888,1.8598,188.0707,1.4594,0.00345,0.02924
cma2_gen3,6,3,154.276,26.5888,1.8598,188.0707,1.4594,0.00345,0.02924
cma2_gen3,6,4,158.746,26.5888,1.8598,188.0707,1.4594,0.00345,0.02924
cma2_gen12,2,1,133.832,26.5226,1.7701,199.8870,1.5084,0.01069,0.01859
cma2_gen12,2,2,145.086,26.5226,1.7701,199.8870,1.5084,0.01069,0.01859
cma2_gen12,2,3,144.886,26.5226,1.7701,199.8870,1.5084,0.01069,0.01859
cma2_gen12,2,4,147.778,26.5226,1.7701,199.8870,1.5084,0.01069,0.01859
cma3_gen1,1,1,153.340,25.8726,1.5937,206.9493
cma3_gen1,3,1,150.680,26.3266,1.6470,205.7241
cma3_gen2,7,1,150.782,26.4662,1.6328,178.5000
cma3_gen7,3,1,153.946,25.4090,1.9964,215.5926
cma3_gen1,1,1,152.546,26.3705,1.4833,114.2960
cma3_gen1,1,2,146.102,26.3705,1.4833,114.2960
cma3_gen1,1,3,146.172,26.3705,1.4833,114.2960
cma3_gen1,1,4,146.982,26.3705,1.4833,114.2960
cma3_gen1,2,1,149.208,27.1203,1.7280,123.9182
cma3_gen1,2,2,143.244,27.1203,1.7280,123.9182
cma3_gen1,2,3,143.272,27.1203,1.7280,123.9182
cma3_gen1,2,4,143.256,27.1203,1.7280,123.9182
cma3_gen1,3,1,149.428,26.1906,2.1412,115.7021
cma3_gen1,3,2,143.348,26.1906,2.1412,115.7021
cma3_gen1,3,3,143.382,26.1906,2.1412,115.7021
cma3_gen1,3,4,143.450,26.1906,2.1412,115.7021
cma3_gen1,4,1,149.172,26.9336,1.7025,125.4381
cma3_gen1,4,2,143.258,26.9336,1.7025,125.4381
cma3_gen1,4,3,143.172,26.9336,1.7025,125.4381
cma3_gen1,4,4,143.244,26.9336,1.7025,125.4381
cma4_gen1,1,1,143.166,26.1821,1.3990,228.3118,1.9140,0.00474
cma4_gen1,1,2,140.214,26.1821,1.3990,228.3118,1.9140,0.00474
cma4_gen1,2,1,151.704,24.9943,1.5971,206.8354,1.7739,0.00427
cma4_gen1,2,2,146.460,24.9943,1.5971,206.8354,1.7739,0.00427
cma4_gen1,2,3,146.662,24.9943,1.5971,206.8354,1.7739,0.00427
cma4_gen1,2,4,145.980,24.9943,1.5971,206.8354,1.7739,0.00427
cma4_gen1,3,1,142.566,27.0108,1.5034,207.1479,1.7542,0.00531
cma4_gen1,3,2,137.860,27.0108,1.5034,207.1479,1.7542,0.00531
cma4_gen1,3,3,137.884,27.0108,1.5034,207.1479,1.7542,0.00531
cma4_gen1,3,4,137.680,27.0108,1.5034,207.1479,1.7542,0.00531
cma4_gen1,4,1,134.726,25.5960,1.6181,220.2316,1.7502,0.00648
cma4_gen1,4,2,130.390,25.5960,1.6181,220.2316,1.7502,0.00648
cma4_gen1,4,3,130.074,25.5960,1.6181,220.2316,1.7502,0.00648
cma4_gen1,4,4,130.852,25.5960,1.6181,220.2316,1.7502,0.00648
cma4_gen1,5,1,141.516,25.8338,1.6321,208.6267,1.7317,0.00540
cma4_gen1,5,2,137.050,25.8338,1.6321,208.6267,1.7317,0.00540
cma4_gen1,5,3,136.736,25.8338,1.6321,208.6267,1.7317,0.00540
cma4_gen1,5,4,136.436,25.8338,1.6321,208.6267,1.7317,0.00540
cma4_gen1,6,1,157.186,26.3691,1.4396,201.1924,1.7162,0.00346
cma4_gen1,6,2,150.798,26.3691,1.4396,201.1924,1.7162,0.00346
cma4_gen1,6,3,150.740,26.3691,1.4396,201.1924,1.7162,0.00346
cma4_gen1,6,4,243.664,26.3691,1.4396,201.1924,1.7162,0.00346
cma4_gen1,7,1,136.192,26.4429,1.5634,215.6044,1.9805,0.00531
cma4_gen1,7,2,130.354,26.4429,1.5634,215.6044,1.9805,0.00531
cma4_gen1,7,3,131.034,26.4429,1.5634,215.6044,1.9805,0.00531
cma4_gen1,7,4,131.866,26.4429,1.5634,215.6044,1.9805,0.00531
cma4_gen2,1,1,129.966,25.6473,1.4830,215.7665,1.9568,0.00771
cma4_gen2,1,2,127.584,25.6473,1.4830,215.7665,1.9568,0.00771
cma4_gen2,1,3,127.632,25.6473,1.4830,215.7665,1.9568,0.00771
cma4_gen2,1,4,127.832,25.6473,1.4830,215.7665,1.9568,0.00771
cma4_gen2,2,1,139.986,25.8729,1.7077,213.7639,1.8366,0.00512
cma4_gen2,2,2,136.116,25.8729,1.7077,213.7639,1.8366,0.00512
cma4_gen2,2,3,135.152,25.8729,1.7077,213.7639,1.8366,0.00512
cma4_gen2,2,4,134.980,25.8729,1.7077,213.7639,1.8366,0.00512
cma4_gen2,3,1,136.480,26.5202,1.5945,225.1743,1.8431,0.00649
cma4_gen2,3,2,129.530,26.5202,1.5945,225.1743,1.8431,0.00649
cma4_gen2,3,3,127.980,26.5202,1.5945,225.1743,1.8431,0.00649
cma4_gen2,3,4,132.916,26.5202,1.5945,225.1743,1.8431,0.00649
cma4_gen2,4,1,141.422,25.2633,1.5604,205.3897,1.7445,0.00552
cma4_gen2,4,2,136.422,25.2633,1.5604,205.3897,1.7445,0.00552
cma4_gen2,4,3,136.362,25.2633,1.5604,205.3897,1.7445,0.00552
cma4_gen2,4,4,136.460,25.2633,1.5604,205.3897,1.7445,0.00552
cma4_gen2,6,1,132.202,26.3239,1.7414,222.7558,1.9224,0.00705
cma4_gen2,6,2,215.918,26.3239,1.7414,222.7558,1.9224,0.00705
cma4_gen2,6,3,234.072,26.3239,1.7414,222.7558,1.9224,0.00705
cma4_gen2,6,4,239.708,26.3239,1.7414,222.7558,1.9224,0.00705
cma4_gen2,7,1,136.114,26.4197,1.5249,223.7033,1.8770,0.00554
cma4_gen2,7,2,131.986,26.4197,1.5249,223.7033,1.8770,0.00554
cma4_gen2,7,3,131.908,26.4197,1.5249,223.7033,1.8770,0.00554
cma4_gen2,7,4,132.022,26.4197,1.5249,223.7033,1.8770,0.00554
cma4_gen3,1,1,132.516,27.5167,1.5281,180.8767,2.0704,0.00712
cma4_gen3,1,2,129.204,27.5167,1.5281,180.8767,2.0704,0.00712
cma4_gen3,1,3,129.028,27.5167,1.5281,180.8767,2.0704,0.00712
cma4_gen3,1,4,129.094,27.5167,1.5281,180.8767,2.0704,0.00712
cma4_gen3,3,1,130.308,25.4349,1.6487,202.3317,1.8370,0.00796
cma4_gen3,3,2,127.608,25.4349,1.6487,202.3317,1.8370,0.00796
cma4_gen3,3,3,127.142,25.4349,1.6487,202.3317,1.8370,0.00796
cma4_gen3,3,4,127.162,25.4349,1.6487,202.3317,1.8370,0.00796
cma4_gen4,6,1,128.026,25.2325,1.6306,210.1823,2.0649,0.00830
cma4_gen4,6,2,124.560,25.2325,1.6306,210.1823,2.0649,0.00830
cma4_gen4,6,3,124.148,25.2325,1.6306,210.1823,2.0649,0.00830
cma4_gen4,6,4,125.738,25.2325,1.6306,210.1823,2.0649,0.00830
cma4_gen5,2,1,134.484,26.8665,1.3681,219.7743,1.9550,0.00588
cma4_gen5,2,2,130.532,26.8665,1.3681,219.7743,1.9550,0.00588
cma4_gen5,2,3,130.748,26.8665,1.3681,219.7743,1.9550,0.00588
cma4_gen5,2,4,130.636,26.8665,1.3681,219.7743,1.9550,0.00588
cma4_gen5,5,1,134.362,27.0512,1.1684,227.6420,1.9437,0.00706
cma4_gen5,5,2,130.720,27.0512,1.1684,227.6420,1.9437,0.00706
cma4_gen5,5,3,129.602,27.0512,1.1684,227.6420,1.9437,0.00706
cma4_gen5,5,4,126.156,27.0512,1.1684,227.6420,1.9437,0.00706
cma8h_pA_gen1,2,1,127.586,25.1384,1.6629,208.5832,2.1290,0.00820,0.0000
cma8h_pA_gen1,2,2,123.934,25.1384,1.6629,208.5832,2.1290,0.00820,0.0000
cma8h_pA_gen1,2,3,125.992,25.1384,1.6629,208.5832,2.1290,0.00820,0.0000
cma8h_pA_gen1,3,1,127.680,25.5604,1.5824,208.6587,2.0351,0.00849,0.0000
cma8h_pA_gen1,3,2,125.568,25.5604,1.5824,208.6587,2.0351,0.00849,0.0000
cma8h_pA_gen1,3,3,125.790,25.5604,1.5824,208.6587,2.0351,0.00849,0.0000
cma8h_pA_gen1,3,4,123.966,25.5604,1.5824,208.6587,2.0351,0.00849,0.0000
cma8h_pA_gen1,4,1,130.430,25.3624,1.5527,214.4534,2.0015,0.00771,0.0000
cma8h_pA_gen1,6,1,128.084,24.9557,1.6872,205.7331,2.1158,0.00745,0.0000
cma8h_pA_gen1,6,2,125.016,24.9557,1.6872,205.7331,2.1158,0.00745,0.0000
cma8h_pA_gen1,6,3,127.774,24.9557,1.6872,205.7331,2.1158,0.00745,0.0000
cma8h_pA_gen1,6,4,127.226,24.9557,1.6872,205.7331,2.1158,0.00745,0.0000
cma8h_pA_gen2,2,1,126.990,25.5231,1.5850,212.3237,2.0607,0.00844,0.0000
cma8h_pA_gen2,2,2,126.908,25.5231,1.5850,212.3237,2.0607,0.00844,0.0000
cma8h_pA_gen2,2,3,126.076,25.5231,1.5850,212.3237,2.0607,0.00844,0.0000
cma8h_pA_gen2,2,4,124.012,25.5231,1.5850,212.3237,2.0607,0.00844,0.0000
cma8h_pA_gen2,6,1,127.204,24.8221,1.7184,209.5018,2.1746,0.00834,0.0000
cma8h_pA_gen3,3,1,127.190,25.1841,1.5555,210.8011,2.1076,0.00837,0.0000
cma8h_pA_gen3,3,2,125.216,25.1841,1.5555,210.8011,2.1076,0.00837,0.0000
cma8h_pA_gen4,3,1,126.864,25.9896,1.5926,201.7393,2.1516,0.00927,0.0000
cma8h_pA_gen4,3,2,123.082,25.9896,1.5926,201.7393,2.1516,0.00927,0.0000
cma8h_pA_gen18,6,1,155.408,25.6090,1.5028,223.0425,2.4377,0.01670,0.0000
cma8h_pA_gen18,6,2,145.834,25.6090,1.5028,223.0425,2.4377,0.01670,0.0000
cma8h_pB_gen1,2,1,126.706,26.1580,1.5550,200.2085,2.1414,0.00863,0.0904
cma8h_pB_gen1,2,2,123.476,26.1580,1.5550,200.2085,2.1414,0.00863,0.0904
cma8h_pB_gen1,2,3,122.848,26.1580,1.5550,200.2085,2.1414,0.00863,0.0904
cma8h_pB_gen1,2,4,125.372,26.1580,1.5550,200.2085,2.1414,0.00863,0.0904
cma8h_pB_gen1,5,1,128.654,25.9853,1.6448,199.2340,2.1506,0.00950,0.0000
cma8h_pB_gen1,5,2,123.196,25.9853,1.6448,199.2340,2.1506,0.00950,0.0000
cma8h_pB_gen1,7,1,127.692,25.8907,1.5576,204.5754,2.1910,0.00839,0.0000
cma8h_pB_gen1,7,2,125.656,25.8907,1.5576,204.5754,2.1910,0.00839,0.0000
cma8h_pB_gen1,7,3,125.266,25.8907,1.5576,204.5754,2.1910,0.00839,0.0000
cma8h_pB_gen2,6,1,126.436,25.7482,1.5803,199.8945,2.2023,0.00993,0.0000
cma8h_pB_gen3,5,1,129.320,26.8505,1.5883,200.2884,2.1754,0.00857,0.0233
cma8h_pB_gen3,5,2,126.822,26.8505,1.5883,200.2884,2.1754,0.00857,0.0233
cma8h_pB_gen3,5,3,125.118,26.8505,1.5883,200.2884,2.1754,0.00857,0.0233
cma8h_pB_gen3,5,4,127.264,26.8505,1.5883,200.2884,2.1754,0.00857,0.0233
cma8h_pB_gen5,2,1,153.912,26.4661,1.5518,213.6464,2.2361,0.00986,0.0778
cma8h_pB_gen5,2,2,148.158,26.4661,1.5518,213.6464,2.2361,0.00986,0.0778
cma8h_pB_gen5,2,3,152.740,26.4661,1.5518,213.6464,2.2361,0.00986,0.0778
cma8h_pB_gen10,1,1,175.316,28.5169,1.6134,239.6633,2.5347,0.01256,0.1772
cma8h_pB_gen10,1,2,169.492,28.5169,1.6134,239.6633,2.5347,0.01256,0.1772
cma8h_pB_gen10,1,3,170.726,28.5169,1.6134,239.6633,2.5347,0.01256,0.1772
cma8h_pB_gen14,6,1,152.410,27.8853,1.5995,252.9988,2.5107,0.01195,0.2520
5h_gen1,2,1,128.982,26.1423,1.5553,200.0531,2.1430,0.00866,0.0840
5h_gen1,2,2,126.096,26.1423,1.5553,200.0531,2.1430,0.00866,0.0840
5h_gen1,2,3,125.708,26.1423,1.5553,200.0531,2.1430,0.00866,0.0840
5h_gen1,2,4,125.888,26.1423,1.5553,200.0531,2.1430,0.00866,0.0840
5h_gen1,3,1,125.446,26.1314,1.5557,200.1524,2.1441,0.00865,0.0817
5h_gen1,3,2,125.522,26.1314,1.5557,200.1524,2.1441,0.00865,0.0817
5h_gen1,3,3,126.156,26.1314,1.5557,200.1524,2.1441,0.00865,0.0817
5h_gen1,3,4,128.054,26.1314,1.5557,200.1524,2.1441,0.00865,0.0817
5h_gen1,4,1,128.214,26.1584,1.5534,199.7510,2.1483,0.00870,0.0878
5h_gen1,4,2,126.334,26.1584,1.5534,199.7510,2.1483,0.00870,0.0878
5h_gen1,4,3,125.640,26.1584,1.5534,199.7510,2.1483,0.00870,0.0878
5h_gen1,4,4,126.018,26.1584,1.5534,199.7510,2.1483,0.00870,0.0878
5h_gen1,5,1,128.590,26.1495,1.5531,200.7031,2.1437,0.00865,0.0851
5h_gen1,5,2,126.258,26.1495,1.5531,200.7031,2.1437,0.00865,0.0851
5h_gen1,5,3,126.568,26.1495,1.5531,200.7031,2.1437,0.00865,0.0851
5h_gen1,5,4,126.078,26.1495,1.5531,200.7031,2.1437,0.00865,0.0851
5h_gen1,6,1,127.054,26.1335,1.5518,200.1779,2.1430,0.00865,0.0823
5h_gen1,6,2,126.044,26.1335,1.5518,200.1779,2.1430,0.00865,0.0823
5h_gen1,6,3,125.692,26.1335,1.5518,200.1779,2.1430,0.00865,0.0823
5h_gen1,6,4,128.520,26.1335,1.5518,200.1779,2.1430,0.00865,0.0823
5h_gen1,7,1,125.986,26.1512,1.5528,199.9396,2.1445,0.00868,0.0799
5h_gen1,7,2,126.184,26.1512,1.5528,199.9396,2.1445,0.00868,0.0799
5h_gen1,7,3,123.448,26.1512,1.5528,199.9396,2.1445,0.00868,0.0799
5h_gen1,7,4,133.150,26.1512,1.5528,199.9396,2.1445,0.00868,0.0799
5h_gen1,8,1,125.748,26.1449,1.5531,200.2917,2.1419,0.00865,0.0826
5h_gen1,8,2,126.144,26.1449,1.5531,200.2917,2.1419,0.00865,0.0826
5h_gen1,8,3,122.060,26.1449,1.5531,200.2917,2.1419,0.00865,0.0826
5h_gen1,8,4,126.468,26.1449,1.5531,200.2917,2.1419,0.00865,0.0826
5h_gen2,1,1,127.530,26.1622,1.5540,200.2374,2.1407,0.00866,0.0841
5h_gen2,1,2,123.482,26.1622,1.5540,200.2374,2.1407,0.00866,0.0841
5h_gen2,1,3,122.172,26.1622,1.5540,200.2374,2.1407,0.00866,0.0841
5h_gen2,1,4,125.834,26.1622,1.5540,200.2374,2.1407,0.00866,0.0841
5h_gen2,2,1,127.890,26.1573,1.5545,200.2597,2.1430,0.00867,0.0831
5h_gen2,2,2,127.646,26.1573,1.5545,200.2597,2.1430,0.00867,0.0831
5h_gen2,2,3,127.912,26.1573,1.5545,200.2597,2.1430,0.00867,0.0831
5h_gen2,2,4,122.978,26.1573,1.5545,200.2597,2.1430,0.00867,0.0831
5h_gen2,3,1,131.356,26.1487,1.5571,199.9798,2.1437,0.00863,0.0833
5h_gen2,3,2,128.094,26.1487,1.5571,199.9798,2.1437,0.00863,0.0833
5h_gen2,3,3,126.108,26.1487,1.5571,199.9798,2.1437,0.00863,0.0833
5h_gen2,3,4,126.300,26.1487,1.5571,199.9798,2.1437,0.00863,0.0833
5h_gen2,4,1,129.360,26.1477,1.5547,200.4945,2.1424,0.00865,0.0817
5h_gen2,4,2,125.714,26.1477,1.5547,200.4945,2.1424,0.00865,0.0817
5h_gen2,4,3,126.200,26.1477,1.5547,200.4945,2.1424,0.00865,0.0817
5h_gen2,4,4,123.734,26.1477,1.5547,200.4945,2.1424,0.00865,0.0817
5h_gen2,5,1,128.654,26.1573,1.5536,199.6173,2.1440,0.00866,0.0849
5h_gen2,5,2,128.620,26.1573,1.5536,199.6173,2.1440,0.00866,0.0849
5h_gen2,5,3,128.052,26.1573,1.5536,199.6173,2.1440,0.00866,0.0849
5h_gen2,5,4,125.984,26.1573,1.5536,199.6173,2.1440,0.00866,0.0849
5h_gen2,6,1,199.106,26.1532,1.5549,200.1829,2.1449,0.00865,0.0863
5h_gen2,6,2,194.940,26.1532,1.5549,200.1829,2.1449,0.00865,0.0863
5h_gen2,6,3,196.560,26.1532,1.5549,200.1829,2.1449,0.00865,0.0863
5h_gen2,6,4,199.822,26.1532,1.5549,200.1829,2.1449,0.00865,0.0863
5h_gen2,7,1,128.786,26.1337,1.5530,200.4011,2.1410,0.00865,0.0827
5h_gen2,7,2,123.522,26.1337,1.5530,200.4011,2.1410,0.00865,0.0827
5h_gen2,7,3,126.480,26.1337,1.5530,200.4011,2.1410,0.00865,0.0827
5h_gen2,7,4,126.532,26.1337,1.5530,200.4011,2.1410,0.00865,0.0827
5h_gen2,8,1,128.784,26.1482,1.5554,200.3007,2.1416,0.00866,0.0838
5h_gen2,8,2,125.816,26.1482,1.5554,200.3007,2.1416,0.00866,0.0838
5h_gen2,8,3,128.662,26.1482,1.5554,200.3007,2.1416,0.00866,0.0838
5h_gen2,8,4,125.974,26.1482,1.5554,200.3007,2.1416,0.00866,0.0838
5h_gen3,1,1,131.240,26.1582,1.5544,200.3188,2.1438,0.00864,0.0831
5h_gen3,1,2,125.414,26.1582,1.5544,200.3188,2.1438,0.00864,0.0831
5h_gen3,1,3,122.634,26.1582,1.5544,200.3188,2.1438,0.00864,0.0831
5h_gen3,1,4,126.200,26.1582,1.5544,200.3188,2.1438,0.00864,0.0831
5h_gen3,2,1,129.564,26.1584,1.5543,200.3108,2.1425,0.00866,0.0823
5h_gen3,2,2,125.744,26.1584,1.5543,200.3108,2.1425,0.00866,0.0823
5h_gen3,2,3,127.000,26.1584,1.5543,200.3108,2.1425,0.00866,0.0823
5h_gen3,2,4,126.182,26.1584,1.5543,200.3108,2.1425,0.00866,0.0823
5h_gen3,3,1,125.836,26.1529,1.5535,200.0705,2.1430,0.00868,0.0838
5h_gen3,3,2,123.564,26.1529,1.5535,200.0705,2.1430,0.00868,0.0838
5h_gen3,4,1,129.072,26.1643,1.5530,200.0765,2.1415,0.00866,0.0839
5h_gen3,4,2,125.896,26.1643,1.5530,200.0765,2.1415,0.00866,0.0839
5h_gen3,4,3,123.932,26.1643,1.5530,200.0765,2.1415,0.00866,0.0839
5h_gen3,4,4,125.632,26.1643,1.5530,200.0765,2.1415,0.00866,0.0839
5h_gen3,5,1,129.158,26.1602,1.5495,200.1986,2.1421,0.00865,0.0811
5h_gen3,5,2,126.242,26.1602,1.5495,200.1986,2.1421,0.00865,0.0811
5h_gen3,5,3,126.798,26.1602,1.5495,200.1986,2.1421,0.00865,0.0811
5h_gen3,5,4,127.510,26.1602,1.5495,200.1986,2.1421,0.00865,0.0811
5h_gen3,6,1,128.574,26.1724,1.5528,200.1706,2.1405,0.00871,0.0845
5h_gen3,6,2,127.624,26.1724,1.5528,200.1706,2.1405,0.00871,0.0845
5h_gen3,6,3,125.608,26.1724,1.5528,200.1706,2.1405,0.00871,0.0845
5h_gen3,6,4,125.896,26.1724,1.5528,200.1706,2.1405,0.00871,0.0845
5h_gen3,7,1,128.178,26.1494,1.5550,200.6681,2.1388,0.00866,0.0835
5h_gen3,7,2,125.266,26.1494,1.5550,200.6681,2.1388,0.00866,0.0835
5h_gen3,7,3,125.636,26.1494,1.5550,200.6681,2.1388,0.00866,0.0835
5h_gen3,7,4,122.506,26.1494,1.5550,200.6681,2.1388,0.00866,0.0835
5h_gen3,8,1,129.064,26.1571,1.5565,200.4607,2.1382,0.00868,0.0873
5h_gen3,8,2,126.310,26.1571,1.5565,200.4607,2.1382,0.00868,0.0873
5h_gen3,8,3,126.488,26.1571,1.5565,200.4607,2.1382,0.00868,0.0873
5h_gen3,8,4,122.966,26.1571,1.5565,200.4607,2.1382,0.00868,0.0873
5h_gen4,1,1,128.408,26.1407,1.5541,200.5725,2.1406,0.00865,0.0851
5h_gen4,1,2,126.544,26.1407,1.5541,200.5725,2.1406,0.00865,0.0851
5h_gen4,1,3,123.392,26.1407,1.5541,200.5725,2.1406,0.00865,0.0851
5h_gen4,1,4,124.834,26.1407,1.5541,200.5725,2.1406,0.00865,0.0851
5h_gen4,3,1,128.300,26.1432,1.5557,200.9125,2.1414,0.00870,0.0867
5h_gen4,3,2,125.658,26.1432,1.5557,200.9125,2.1414,0.00870,0.0867
